,Sampling1,Sampling2,Sampling3,Sampling4,Sampling5
M1_Logistic,0.9370904325032765,0.9370904325032765,0.9370904325032765,0.9564625850340136,0.9370904325032765
M2_DecisionTree,1.0,1.0,1.0,1.0,1.0
M3_RandomForest,1.0,1.0,1.0,1.0,1.0
M4_SVM,0.9849279161205766,0.9849279161205766,0.9849279161205766,0.9931972789115646,0.9849279161205766
M5_KNN,0.9764089121887287,0.9764089121887287,0.9764089121887287,0.9952380952380953,0.9764089121887287
